ratio,eval_seed,greedy_acceptance,rho
0.4,142,0.473440,0.000000
0.4,143,0.468760,0.000020
0.4,144,0.471900,0.000000
0.4,145,0.473860,0.000020
0.4,146,0.473360,0.000000
0.8,142,0.473980,0.007380
0.8,143,0.472280,0.006940
0.8,144,0.473080,0.007900
0.8,145,0.477740,0.007280
0.8,146,0.477840,0.007300
1.0,142,0.470320,0.016760
1.0,143,0.465780,0.018120
1.0,144,0.465620,0.018920
1.0,145,0.472680,0.019140
1.0,146,0.469680,0.018140
1.3,142,0.479860,0.052320
1.3,143,0.477200,0.052180
1.3,144,0.478240,0.055680
1.3,145,0.483440,0.053480
1.3,146,0.481140,0.054320
1.6,142,0.473280,0.098120
1.6,143,0.474520,0.096380
1.6,144,0.471440,0.092720
1.6,145,0.477960,0.097020
1.6,146,0.472840,0.093140
2.0,142,0.485540,0.130120
2.0,143,0.486260,0.130780
2.0,144,0.481920,0.130840
2.0,145,0.486780,0.130780
2.0,146,0.485340,0.128260
2.5,142,0.471580,0.141600
2.5,143,0.472240,0.139480
2.5,144,0.465840,0.140920
2.5,145,0.475000,0.142160
2.5,146,0.470780,0.139280
3.0,142,0.478240,0.147520
3.0,143,0.477680,0.143320
3.0,144,0.472600,0.141900
3.0,145,0.480460,0.143680
3.0,146,0.475580,0.144220
